# SYNTHETIC LiDAR returns for project 01.18 -- LIDAR-FRAME meters (x,y,z)
# regenerate: python make_synthetic.py --seed 42
# 1890 points, range noise sigma=0.02 m
x,y,z
5.666773,-3.540993,-1.790473
5.731266,-3.549467,-1.806346
5.720896,-3.511433,-1.798632
5.731126,-3.486200,-1.797446
5.753327,-3.468224,-1.800039
5.770272,-3.447017,-1.801009
5.780095,-3.421561,-1.799785
5.794102,-3.398600,-1.799895
5.841912,-3.395281,-1.810509
5.814173,-3.348091,-1.797744
5.823258,-3.322349,-1.796426
5.831750,-3.296316,-1.794960
5.879353,-3.292234,-1.805540
5.861804,-3.251648,-1.796138
5.884760,-3.233640,-1.799191
5.882679,-3.201900,-1.794621
5.908909,-3.185579,-1.798718
5.916248,-3.159030,-1.797087
5.942797,-3.142695,-1.801316
5.943280,-3.112565,-1.797670
5.984321,-3.103593,-1.806311
5.956169,-3.058795,-1.794103
6.011868,-3.057044,-1.807179
6.029160,-3.035518,-1.808709
5.981530,-2.981580,-1.790825
6.023058,-2.972234,-1.799681
6.023676,-2.942609,-1.796331
6.047436,-2.924285,-1.799911
6.067566,-2.904104,-1.802428
6.081990,-2.881137,-1.803271
6.087194,-2.853818,-1.801412
6.061345,-2.812154,-1.790416
4.578636,-2.102017,-1.349953
4.580656,-2.080781,-1.348082
4.559274,-2.049088,-1.339364
4.547111,-2.021778,-1.333402
4.567915,-2.009163,-1.337133
4.555114,-1.981806,-1.331053
4.545667,-1.956089,-1.325993
4.579101,-1.948786,-1.333459
4.542103,-1.911598,-1.320446
4.531180,-1.885682,-1.315065
4.536279,-1.866533,-1.314366
4.530821,-1.843111,-1.310636
4.551772,-1.830429,-1.314566
4.588523,-1.823901,-1.323060
4.535832,-1.781961,-1.305800
4.564115,-1.772012,-1.311889
4.551746,-1.746272,-1.306314
3.647940,-1.382799,-1.045332
3.663085,-1.371792,-1.048089
3.671443,-1.358186,-1.048916
3.619173,-1.322402,-1.032462
3.598417,-1.298511,-1.025050
3.634432,-1.295085,-1.033824
3.627126,-1.276140,-1.030284
3.636832,-1.263214,-1.031596
3.660420,-1.255007,-1.036853
3.672391,-1.242703,-1.038827
3.673852,-1.226826,-1.037842
3.654334,-1.204068,-1.030958
3.645085,-1.184864,-1.027002
3.648689,-1.169905,-1.026690
3.647225,-1.153353,-1.024970
3.651017,-1.138493,-1.024747
3.662134,-1.125892,-1.026594
3.647964,-1.105570,-1.021372
3.679028,-1.098921,-1.028830
3.630042,-1.068478,-1.013927
3.673584,-1.065331,-1.024889
3.611373,-1.031634,-1.006372
3.621803,-1.018948,-1.008134
3.672538,-1.017372,-1.021114
3.620048,-0.987242,-1.005413
3.633655,-0.975341,-1.008100
3.671994,-0.969888,-1.017650
3.652323,-0.949066,-1.011138
3.680948,-0.940788,-1.018012
3.657345,-0.919172,-1.010458
3.651822,-0.902256,-1.007926
3.615253,-0.877878,-0.996855
3.650778,-0.871041,-1.005680
3.664072,-0.858723,-1.008387
3.666695,-0.843866,-1.008172
3.661742,-0.827303,-1.005891
3.625732,-0.803925,-0.995107
3.656766,-0.795459,-1.002742
3.635054,-0.775507,-0.995929
3.659730,-0.765465,-1.001842
3.658452,-0.749923,-1.000662
3.656442,-0.734269,-0.999300
3.662190,-0.720183,-1.000075
3.645085,-0.701673,-0.994629
3.653499,-0.688135,-0.996165
3.681705,-0.678196,-1.003108
3.688197,-0.664135,-1.004144
3.665638,-0.644932,-0.997291
3.682279,-0.632672,-1.001121
3.680825,-0.617261,-1.000046
3.670965,-0.600507,-0.996706
3.802972,-0.606478,-1.031880
3.881235,-0.603035,-1.052452
4.002833,-0.605525,-1.084759
4.072104,-0.599338,-1.102872
4.235418,-0.606060,-1.146437
4.302516,-0.598093,-1.163941
4.494891,-0.606502,-1.215317
6.696105,-0.876233,-1.809512
6.686051,-0.847704,-1.805864
6.692442,-0.821304,-1.806687
6.665538,-0.790927,-1.798555
6.702232,-0.768083,-1.807612
6.683972,-0.738891,-1.801875
6.691539,-0.712621,-1.803131
6.657854,-0.682088,-1.793304
6.688969,-0.658225,-1.800961
6.685833,-0.630900,-1.799422
6.726245,-0.607555,-1.809629
6.643646,-0.573288,-1.786775
6.697863,-0.550960,-1.800749
6.704898,-0.524522,-1.802061
6.723928,-0.498934,-1.806624
6.680116,-0.468799,-1.794334
6.727691,-0.445077,-1.806620
6.734849,-0.418476,-1.808078
6.740041,-0.391717,-1.809036
6.711623,-0.363110,-1.801004
6.694318,-0.335299,-1.795986
6.671284,-0.307374,-1.789461
6.720905,-0.282700,-1.802453
6.716425,-0.255579,-1.800963
6.688998,-0.227720,-1.793350
6.724431,-0.201976,-1.802619
6.733301,-0.175264,-1.804794
6.720890,-0.148017,-1.801294
6.704700,-0.120807,-1.796811
6.692565,-0.093787,-1.793443
6.707113,-0.067134,-1.797255
6.714745,-0.040325,-1.799243
6.718783,-0.013450,-1.800296
6.720223,0.013453,-1.800682
6.715086,0.040327,-1.799334
6.694746,0.067010,-1.793942
6.722383,0.094205,-1.801434
6.715881,0.121008,-1.799807
6.733564,0.148297,-1.804690
6.738002,0.175386,-1.806054
6.732770,0.202227,-1.804854
6.722013,0.228844,-1.802201
6.692599,0.254672,-1.794574
6.748591,0.283865,-1.809878
6.711476,0.309226,-1.800242
6.713931,0.336281,-1.801247
6.708945,0.362965,-1.800285
6.701403,0.389471,-1.798665
6.693354,0.415898,-1.796938
6.720674,0.444613,-1.804736
6.680416,0.468820,-1.794415
6.672437,0.495113,-1.792790
6.691143,0.523446,-1.798364
6.700466,0.551174,-1.801449
6.695490,0.577761,-1.800718
6.680196,0.603395,-1.797240
6.674070,0.629790,-1.796256
6.648578,0.654250,-1.790086
6.702473,0.686659,-1.805322
6.669607,0.710286,-1.797221
6.693235,0.739915,-1.804372
6.660929,0.763349,-1.796472
6.639995,0.787896,-1.791663
6.685925,0.820504,-1.804928
6.684629,0.847524,-1.805480
6.683818,0.874625,-1.806192
6.637009,0.895541,-1.794497
6.651445,0.924618,-1.799387
6.652622,0.951947,-1.800722
6.671643,0.981942,-1.806920
6.645713,1.005325,-1.800973
6.648998,1.033068,-1.802970
6.645545,1.059797,-1.803169
6.629078,1.084403,-1.799865
6.638126,1.113189,-1.803517
6.650193,1.142605,-1.808024
6.618500,1.164459,-1.800661
6.647040,1.196936,-1.809715
6.596258,1.215076,-1.797199
6.607011,1.244427,-1.801472
6.575152,1.265706,-1.794152
6.533970,1.284928,-1.784304
6.604203,1.326225,-1.804919
6.566043,1.345932,-1.795948
6.556162,1.371280,-1.794733
6.594174,1.406809,-1.806666
6.553355,1.425556,-1.797032
6.538551,1.449776,-1.794550
6.521384,1.473387,-1.791443
6.503556,1.496751,-1.788177
6.532733,1.531031,-1.797870
6.541361,1.560707,-1.801950
6.543570,1.588950,-1.804297
6.503087,1.606718,-1.794893
6.518612,1.638273,-1.800974
6.482294,1.656765,-1.792758
6.492315,1.687045,-1.797384
6.527930,1.724229,-1.809140
6.487625,1.741399,-1.799888
6.458310,1.761280,-1.793697
6.461034,1.789845,-1.796429
6.482526,1.823775,-1.804420
6.456907,1.844496,-1.799330
6.433756,1.865775,-1.794946
6.441410,1.895985,-1.799185
6.409018,1.914366,-1.792264
6.446358,1.953665,-1.804879
6.403469,1.968693,-1.795063
6.413441,1.999897,-1.800089
6.401009,2.024175,-1.798859
6.415864,2.057164,-1.805334
6.426488,2.088981,-1.810662
6.357177,2.094629,-1.793483
6.361355,2.124277,-1.797046
6.385613,2.160832,-1.806328
6.338040,2.173053,-1.795318
6.324533,2.196759,-1.793969
6.368329,2.240583,-1.808922
6.311298,2.248954,-1.795265
6.290763,2.270061,-1.791995
6.314291,2.307165,-1.801314
6.297526,2.329660,-1.799177
6.289112,2.355215,-1.799453
6.282434,2.381437,-1.800256
6.264219,2.403260,-1.797779
6.273046,2.435502,-1.803097
6.282656,2.468223,-1.808685
6.230476,2.476563,-1.796503
6.239563,2.509150,-1.802005
6.200052,2.522144,-1.793496
6.207423,2.554155,-1.798572
6.209736,2.584226,-1.802226
6.198286,2.608623,-1.801919
6.178102,2.629293,-1.799097
6.159032,2.650352,-1.796620
6.151858,2.676506,-1.797638
6.114835,2.689564,-1.789952
6.176753,2.746364,-1.811281
6.122174,2.751506,-1.798492
6.100816,2.771319,-1.795463
6.098172,2.799625,-1.797969
6.092587,2.826649,-1.799645
6.096104,2.857996,-1.804049
6.088619,2.884277,-1.805237
6.054367,2.897787,-1.798507
6.026523,2.914172,-1.793687
6.059495,2.960107,-1.807013
6.010580,2.966077,-1.795953
5.993407,2.987500,-1.794381
6.008092,3.024911,-1.802389
6.025844,3.064151,-1.811380
5.949056,3.055142,-1.791960
5.921778,3.071156,-1.787433
5.939740,3.110711,-1.796599
5.916317,3.128691,-1.793289
5.919848,3.160952,-1.798181
5.914090,3.188372,-1.800295
5.892486,3.207238,-1.797613
5.903609,3.243998,-1.804954
5.874736,3.258822,-1.800101
5.870315,3.287173,-1.802765
5.854982,3.309447,-1.802110
5.861423,3.344123,-1.808199
5.813631,3.347779,-1.797576
5.813212,3.378601,-1.801615
5.796863,3.400219,-1.800752
5.795316,3.430571,-1.804524
5.762593,3.442430,-1.798612
5.737402,3.458624,-1.795057
5.736769,3.489633,-1.799216
5.708807,3.504013,-1.794831
5.731186,3.549417,-1.806321
5.698973,3.561114,-1.800647
6.603367,-4.126242,-1.797666
6.635810,-4.109666,-1.802005
6.620936,-4.063870,-1.793533
6.658361,-4.050230,-1.799264
6.695939,-4.036450,-1.805037
6.715338,-4.011576,-1.805922
6.725271,-3.981063,-1.804293
6.695817,-3.927512,-1.792158
6.782619,-3.942014,-1.811152
6.766540,-3.896511,-1.802678
6.757826,-3.855548,-1.796230
6.786367,-3.835900,-1.799719
6.791058,-3.802757,-1.796911
6.830397,-3.788944,-1.803292
6.843500,-3.760462,-1.802762
6.863964,-3.736007,-1.804198
6.893826,-3.716561,-1.808122
6.893640,-3.680916,-1.804194
6.904652,-3.651347,-1.803235
6.892421,-3.609642,-1.796252
6.916869,-3.587231,-1.798866
6.945915,-3.567079,-1.802692
6.923370,-3.520544,-1.793168
6.962275,-3.505317,-1.799595
6.990015,-3.484274,-1.803145
6.977127,-3.443044,-1.796250
6.997276,-3.418220,-1.797900
6.983100,-3.376733,-1.790770
7.041836,-3.370417,-1.802357
7.062584,-3.345660,-1.804225
7.030129,-3.295889,-1.792548
7.081561,-3.285482,-1.802294
4.549737,-2.088750,-1.155794
4.540899,-2.062721,-1.151442
4.553103,-2.046314,-1.152450
4.547128,-2.021786,-1.148879
4.524396,-1.990022,-1.141114
4.528148,-1.970074,-1.140062
4.572869,-1.967795,-1.149328
4.539574,-1.931964,-1.139007
4.540802,-1.911051,-1.137386
4.553956,-1.895161,-1.138771
4.534775,-1.865914,-1.132098
4.584535,-1.864962,-1.142647
4.576914,-1.840540,-1.138902
4.555971,-1.810962,-1.131877
4.527395,-1.778646,-1.123000
4.540720,-1.762929,-1.124545
4.527607,-1.737011,-1.119566
4.558710,-1.728038,-1.125537
4.539159,-1.699874,-1.119021
4.540735,-1.679766,-1.117743
4.558859,-1.665751,-1.120553
4.528098,-1.633992,-1.111376
4.550333,-1.621456,-1.115231
4.486851,-1.578618,-1.098114
4.554869,-1.582085,-1.113202
4.504065,-1.544259,-1.099266
4.116536,-1.392998,-1.003316
4.108033,-1.371814,-0.999897
4.109586,-1.354069,-0.998947
4.097940,-1.332068,-0.994812
4.113205,-1.318846,-0.997228
4.139832,-1.309129,-1.002405
4.150715,-1.294314,-1.003777
4.177084,-1.284209,-1.008903
4.101027,-1.242877,-0.989322
4.152478,-1.240340,-1.000528
4.153358,-1.222513,-0.999553
4.156928,-1.205500,-0.999243
4.145051,-1.184086,-0.995240
4.173778,-1.174239,-1.001001
4.170629,-1.155354,-0.999128
4.169605,-1.137115,-0.997784
4.232742,-1.136147,-1.011796
4.206514,-1.111071,-1.004455
4.172722,-1.084293,-0.995342
4.192037,-1.071414,-0.998918
4.194205,-1.054097,-0.998421
4.216161,-1.041687,-1.002647
4.256724,-1.033644,-1.011301
4.208831,-1.004188,-0.998959
4.190159,-0.982019,-0.993586
4.230562,-0.973636,-1.002234
4.233928,-0.956579,-1.002117
4.226870,-0.937213,-0.999550
4.230751,-0.920318,-0.999588
4.195128,-0.894994,-0.990317
4.235849,-0.885966,-0.999085
4.258834,-0.872991,-1.003674
4.195248,-0.842470,-0.987885
4.265886,-0.838901,-1.003720
4.268149,-0.821611,-1.003471
4.268437,-0.803958,-1.002774
4.260929,-0.784893,-1.000263
4.272001,-0.769261,-1.002132
4.296171,-0.755868,-1.007084
4.228394,-0.726503,-0.990506
4.291672,-0.719698,-1.004646
4.283509,-0.700709,-1.002070
4.253374,-0.678306,-0.994377
4.293560,-0.667099,-1.003140
4.324592,-0.654199,-1.009770
4.271812,-0.628731,-0.996850
4.291155,-0.614036,-1.000782
4.289712,-0.596314,-0.999881
4.443955,-0.599629,-1.035265
7.088261,-0.927549,-1.650406
7.047518,-0.893534,-1.640073
7.021596,-0.861698,-1.633225
7.029545,-0.834120,-1.634284
7.059894,-0.809071,-1.640573
7.038954,-0.778133,-1.634970
7.053237,-0.751141,-1.637576
7.029598,-0.720172,-1.631405
7.024819,-0.691274,-1.629641
7.025350,-0.662938,-1.629135
7.045060,-0.636352,-1.633102
7.025655,-0.606252,-1.628028
7.051660,-0.580063,-1.633503
7.047718,-0.551340,-1.632065
6.994885,-0.519040,-1.619336
7.035078,-0.493710,-1.628170
7.075895,-0.468113,-1.637170
7.070293,-0.439319,-1.635454
7.051500,-0.409818,-1.630714
7.029335,-0.380298,-1.625223
7.056233,-0.353426,-1.631102
7.050275,-0.324836,-1.629411
7.040142,-0.296128,-1.626782
7.049097,-0.268238,-1.628590
7.005542,-0.238496,-1.618294
7.043174,-0.211550,-1.626778
7.017753,-0.182668,-1.620725
7.070755,-0.155723,-1.632808
7.083213,-0.127627,-1.635554
7.167643,-0.100444,-1.654943
7.789313,-0.077966,-1.798395
7.802775,-0.046860,-1.801445
7.831865,-0.015678,-1.808132
7.811493,0.015637,-1.803429
7.837409,0.047068,-1.809441
7.788247,0.077956,-1.798148
7.767167,0.108846,-1.793368
7.789993,0.140362,-1.798753
7.778394,0.171307,-1.796219
7.801552,0.203070,-1.801740
7.800869,0.234308,-1.801785
7.802161,0.265616,-1.802314
7.767586,0.295578,-1.794586
7.793114,0.327800,-1.800773
7.795931,0.359191,-1.801742
7.803289,0.390844,-1.803790
7.773448,0.420556,-1.797267
7.780903,0.452209,-1.799394
7.822603,0.486065,-1.809473
7.790750,0.515405,-1.802568
7.747909,0.543735,-1.793145
7.745944,0.574770,-1.793208
7.779141,0.608559,-1.801443
7.738136,0.636532,-1.792523
7.773120,0.670751,-1.801235
7.751450,0.700157,-1.796849
7.559629,0.713355,-1.753031
7.529900,0.740976,-1.746811
7.571483,0.775688,-1.757164
7.560341,0.805145,-1.755312
7.562935,0.836057,-1.756678
7.531177,0.863081,-1.750090
7.525382,0.892955,-1.749560
7.557282,0.927438,-1.757825
7.561016,0.958639,-1.759572
7.529472,0.985285,-1.753136
7.556011,1.019543,-1.760251
7.540087,1.048149,-1.757505
7.551790,1.080611,-1.761227
7.569885,1.114146,-1.766473
7.553106,1.142590,-1.763611
7.552436,1.173437,-1.764538
7.544567,1.203168,-1.763810
7.555034,1.235874,-1.767400
7.496999,1.257219,-1.754987
7.537125,1.294994,-1.765580
7.516590,1.322469,-1.761995
7.538343,1.357433,-1.768355
7.560372,1.392673,-1.774816
7.561090,1.424127,-1.776309
7.554655,1.454258,-1.776150
7.530503,1.480900,-1.771852
7.543345,1.514819,-1.776286
7.550664,1.547763,-1.779455
7.526338,1.574201,-1.775193
7.543630,1.609368,-1.780777
7.525536,1.637035,-1.778038
7.532899,1.670251,-1.781344
7.618362,1.721229,-1.803169
7.599326,1.748936,-1.800306
7.588392,1.778439,-1.799388
7.616740,1.817283,-1.807821
7.604850,1.846657,-1.806739
7.599296,1.877558,-1.807191
7.544700,1.896151,-1.795999
7.553416,1.930525,-1.799899
7.553271,1.962738,-1.801722
7.557378,1.996139,-1.804594
7.512909,2.016604,-1.795889
7.530286,2.053624,-1.801994
7.521731,2.083680,-1.801928
7.483448,2.105371,-1.794762
7.486040,2.138481,-1.797423
7.520377,2.180893,-1.807749
7.465787,2.197504,-1.796727
7.487184,2.236413,-1.804017
7.444270,2.256097,-1.795839
7.463391,2.294557,-1.802653
7.443816,2.321198,-1.800155
7.422241,2.347117,-1.797196
7.433377,2.383417,-1.802189
7.410404,2.408811,-1.798943
7.385083,2.433315,-1.795146
7.394067,2.469135,-1.799719
7.378904,2.496952,-1.798447
7.411856,2.541220,-1.808943
7.371915,2.560556,-1.801683
7.300422,2.568524,-1.786709
7.336312,2.614205,-1.798040
7.305539,2.636249,-1.793070
7.324938,2.676442,-1.800447
7.300943,2.700857,-1.797193
7.320511,2.741465,-1.804697
7.329992,2.778528,-1.809762
7.278701,2.792464,-1.799844
7.252649,2.815832,-1.796176
7.266159,2.854605,-1.802337
7.240115,2.877887,-1.798721
7.195276,2.893476,-1.790445
7.249070,2.948879,-1.806754
7.205129,2.964679,-1.798746
7.187704,2.991214,-1.797372
7.162505,3.014426,-1.794074
7.176231,3.054080,-1.800560
7.133893,3.069853,-1.793007
7.161889,3.115943,-1.803164
7.112823,3.128522,-1.793950
7.112452,3.162403,-1.797035
7.119935,3.199933,-1.802148
7.104046,3.227041,-1.801383
7.063451,3.242777,-1.794366
7.075109,3.282489,-1.800652
7.015557,3.289057,-1.788833
7.024076,3.327418,-1.794387
7.028136,3.363859,-1.798851
7.034991,3.401825,-1.804077
6.998096,3.418620,-1.798111
7.007417,3.457992,-1.804048
6.983814,3.481183,-1.801546
6.975153,3.511800,-1.802924
6.952812,3.535515,-1.800793
6.931579,3.559717,-1.798971
6.881200,3.568732,-1.789590
6.924794,3.626596,-1.804689
6.867064,3.631469,-1.793418
6.883476,3.675489,-1.801533
6.843140,3.689236,-1.794828
6.884255,3.747051,-1.809532
6.796983,3.734901,-1.790508
6.805278,3.775010,-1.796661
6.827923,3.823400,-1.806666
6.772194,3.827889,-1.795961
6.786164,3.871716,-1.803762
6.786480,3.907994,-1.807990
6.763901,3.931135,-1.806154
6.730216,3.947689,-1.801365
6.736997,3.988004,-1.807439
6.714200,4.010896,-1.805616
6.663302,4.016775,-1.796239
6.674738,4.060192,-1.803689
6.639974,4.075555,-1.798690
6.637805,4.110901,-1.802546
6.614896,4.133445,-1.800805
7.861054,-4.912132,-1.801825
7.856195,-4.865470,-1.796232
7.907338,-4.853451,-1.803468
7.919770,-4.817535,-1.801890
7.922836,-4.776048,-1.798222
7.944870,-4.746068,-1.798896
7.963580,-4.714087,-1.798845
8.019315,-4.703825,-1.807166
8.001000,-4.650129,-1.798829
8.034949,-4.626924,-1.802282
8.019679,-4.575475,-1.794734
8.065507,-4.558916,-1.800891
8.097550,-4.534347,-1.803977
8.071406,-4.477354,-1.794145
8.091983,-4.446496,-1.794747
8.152485,-4.437340,-1.804212
8.144508,-4.390822,-1.798541
8.191401,-4.373867,-1.805015
8.216648,-4.345162,-1.806730
8.192612,-4.290567,-1.797654
8.194475,-4.249824,-1.794315
8.211388,-4.216964,-1.794307
8.270118,-4.205368,-1.803447
8.266717,-4.162067,-1.799057
8.301370,-4.137938,-1.802979
8.316175,-4.103833,-1.802611
8.299999,-4.054609,-1.795572
8.316433,-4.021476,-1.795629
8.337233,-3.990430,-1.796657
8.393457,-3.976116,-1.805328
8.391215,-3.933998,-1.801443
8.375344,-3.885731,-1.794682
4.520831,-2.075479,-0.966942
4.570486,-2.076161,-0.975777
4.575384,-2.056328,-0.975058
4.531522,-2.014847,-0.963983
4.557074,-2.004395,-0.967704
4.568214,-1.987505,-0.968372
4.573499,-1.968066,-0.967814
4.577145,-1.947954,-0.966928
4.564990,-1.921230,-0.962727
4.562605,-1.898760,-0.960614
4.566990,-1.879170,-0.959945
4.530050,-1.842797,-0.950622
4.526998,-1.820466,-0.948445
4.575807,-1.818846,-0.957137
4.546592,-1.786188,-0.949523
4.543724,-1.764095,-0.947441
4.529813,-1.737857,-0.943082
4.516434,-1.712012,-0.938862
4.549804,-1.703860,-0.944373
4.551697,-1.683821,-0.943359
4.515471,-1.649898,-0.934475
4.542081,-1.639038,-0.938616
4.544485,-1.619372,-0.937766
4.564904,-1.606080,-0.940645
4.570514,-1.587519,-0.940484
4.554393,-1.561514,-0.935872
4.538897,-1.535920,-0.931417
4.539846,-1.516012,-0.930359
4.563941,-1.503775,-0.934055
4.565107,-1.483925,-0.933071
4.533595,-1.453639,-0.925433
4.564770,-1.443506,-0.930609
4.543796,-1.416888,-0.925170
4.557433,-1.401144,-0.926797
4.552398,-1.379672,-0.924642
4.539287,-1.355880,-0.920869
4.547615,-1.338560,-0.921464
4.541532,-1.317034,-0.919156
4.569849,-1.305434,-0.923821
4.531066,-1.274757,-0.914942
4.529250,-1.254699,-0.913554
4.548493,-1.240444,-0.916426
4.549195,-1.221089,-0.915575
4.567238,-1.206350,-0.918227
4.529401,-1.176977,-0.909666
4.572736,-1.168714,-0.917422
4.557009,-1.145278,-0.913339
4.564704,-1.127802,-0.913969
4.554390,-1.105925,-0.911010
4.626966,-1.103951,-0.924636
4.682139,-1.097321,-0.934776
4.800537,-1.104812,-0.957523
4.859997,-1.098027,-0.968498
4.927727,-1.092613,-0.981116
5.032885,-1.094807,-1.001172
5.180359,-1.105184,-1.029620
5.258214,-1.099803,-1.044211
5.377124,-1.102223,-1.066940
5.490472,-1.102570,-1.088546
7.042936,-1.385018,-1.395229
7.063228,-1.359659,-1.398159
7.039570,-1.325899,-1.392414
7.043395,-1.297442,-1.392132
7.061659,-1.271596,-1.394724
7.029483,-1.236767,-1.387380
7.052305,-1.211694,-1.390916
7.053722,-1.182883,-1.390250
7.069486,-1.156447,-1.392433
7.063040,-1.126377,-1.390264
7.057776,-1.096580,-1.388353
7.037962,-1.064662,-1.383606
7.044142,-1.036767,-1.383994
7.059426,-1.010157,-1.386191
7.051886,-0.980284,-1.383928
7.042063,-0.950195,-1.381243
7.083101,-0.926874,-1.388553
7.025834,-0.890784,-1.376617
7.061510,-0.866596,-1.382916
7.048431,-0.836361,-1.379688
7.026505,-0.805245,-1.374754
7.068935,-0.781447,-1.382432
7.053542,-0.751173,-1.378823
7.052358,-0.722504,-1.378015
7.067883,-0.695512,-1.380493
7.059644,-0.666174,-1.378352
7.050256,-0.636821,-1.376010
7.002257,-0.604233,-1.366159
7.019607,-0.577426,-1.369082
7.056494,-0.552027,-1.375834
7.070211,-0.524629,-1.378088
7.085879,-0.497275,-1.380743
7.047019,-0.466203,-1.372796
7.049512,-0.438028,-1.372929
7.026178,-0.408346,-1.368055
7.059864,-0.381950,-1.374305
7.046778,-0.352953,-1.371472
7.070187,-0.325753,-1.375763
7.053421,-0.296687,-1.372259
7.061906,-0.268725,-1.373689
7.026260,-0.239202,-1.366558
7.030079,-0.211157,-1.367125
7.038831,-0.183217,-1.368673
7.033984,-0.154913,-1.367600
7.055445,-0.127127,-1.371662
7.144721,-0.100123,-1.388929
9.230200,-0.092389,-1.794259
9.245381,-0.055523,-1.797152
9.245072,-0.018507,-1.797063
9.261595,0.018540,-1.800275
9.268969,0.055665,-1.801738
9.272784,0.092815,-1.802537
9.265228,0.129839,-1.801155
9.237045,0.166435,-1.795791
9.309750,0.205033,-1.810071
9.245335,0.240651,-1.797720
9.283333,0.278836,-1.805311
9.233414,0.314342,-1.795834
9.255224,0.352187,-1.800335
9.304444,0.391371,-1.810200
9.243287,0.425877,-1.798619
9.248863,0.463249,-1.800050
9.225771,0.499129,-1.795931
9.236187,0.536787,-1.798362
9.240408,0.574161,-1.799617
9.236902,0.611077,-1.799397
9.269342,0.650506,-1.806209
9.209527,0.683372,-1.795072
9.221815,0.721419,-1.798016
8.532151,0.701847,-1.664084
8.131511,0.701677,-1.586480
7.758623,0.700805,-1.514263
7.542669,0.711754,-1.472660
7.529011,0.740889,-1.470560
7.568796,0.775412,-1.478925
7.560642,0.805177,-1.477950
7.526028,0.831977,-1.471823
7.538261,0.863892,-1.474880
7.516702,0.891925,-1.471349
7.531990,0.924334,-1.475054
7.544351,0.956526,-1.478213
7.543758,0.987154,-1.478859
7.566529,1.020962,-1.484113
7.540707,1.048235,-1.479859
7.531198,1.077665,-1.478828
7.561437,1.112903,-1.485629
7.545328,1.141413,-1.483350
7.531056,1.170115,-1.481453
7.520922,1.199397,-1.480392
7.554493,1.235785,-1.487962
7.582831,1.271613,-1.494535
7.557683,1.298526,-1.490591
7.571759,1.332175,-1.494407
7.572070,1.363506,-1.495534
7.556477,1.391956,-1.493543
7.590584,1.429683,-1.501403
7.547765,1.452932,-1.494073
7.559240,1.486551,-1.497510
7.526020,1.511339,-1.492116
7.564145,1.550526,-1.500893
7.566148,1.582528,-1.502536
7.551653,1.611079,-1.500926
7.526149,1.637169,-1.497148
7.582298,1.681204,-1.509644
9.027144,2.039518,-1.798926
9.036081,2.079595,-1.802352
9.014224,2.112602,-1.799665
8.978246,2.142125,-1.794180
9.013163,2.188632,-1.802894
8.962545,2.214377,-1.794528
8.956434,2.250952,-1.795095
8.993029,2.298466,-1.804259
8.945424,2.324492,-1.796561
8.921830,2.356533,-1.793703
8.936091,2.398613,-1.798486
8.939945,2.438060,-1.801212
8.943218,2.477463,-1.803855
8.906618,2.505762,-1.798482
8.918008,2.547540,-1.802827
8.900168,2.581029,-1.801295
8.880784,2.613998,-1.799476
8.874625,2.650840,-1.800364
8.831934,2.676649,-1.793863
8.851997,2.721472,-1.800136
8.806469,2.746113,-1.793100
8.849661,2.798506,-1.804161
8.853383,2.838723,-1.807222
8.827319,2.869391,-1.804232
8.820585,2.906299,-1.805220
8.820660,2.945524,-1.807634
8.804062,2.979212,-1.806662
8.791467,3.014232,-1.806540
8.732007,3.032969,-1.796802
8.753771,3.079858,-1.803804
8.746968,3.116875,-1.804959
8.719347,3.146430,-1.801844
8.696275,3.177513,-1.799691
8.685087,3.212896,-1.800023
8.673684,3.248215,-1.800340
8.664604,3.284430,-1.801171
8.645596,3.316872,-1.799966
8.635520,3.352730,-1.800648
8.631787,3.391110,-1.802686
8.598939,3.418009,-1.798670
8.595164,3.456421,-1.800760
8.574646,3.488115,-1.799373
8.559619,3.522008,-1.799164
8.539821,3.553907,-1.797979
8.554011,3.600058,-1.803987
8.508336,3.621000,-1.797397
8.487958,3.652534,-1.796167
8.495343,3.696092,-1.800847
8.494221,3.736120,-1.803765
8.495976,3.777559,-1.807335
8.454714,3.799826,-1.801779
8.419448,3.824567,-1.797513
8.409801,3.860876,-1.798739
8.418526,3.905765,-1.803935
8.389610,3.933245,-1.801099
8.372483,3.966180,-1.800816
8.348437,3.995792,-1.799071
8.326101,4.026151,-1.797717
8.318098,4.063451,-1.799487
8.302678,4.097172,-1.799686
8.259958,4.117296,-1.793984
8.287304,4.172433,-1.803537
8.264897,4.202712,-1.802308
8.238710,4.230995,-1.800277
8.212027,4.258927,-1.798158
8.215586,4.302599,-1.802695
8.173701,4.322451,-1.797287
8.159933,4.357064,-1.798081
8.168613,4.403818,-1.803865
8.123169,4.421383,-1.797724
8.093250,4.447192,-1.795028
8.093434,4.489574,-1.799041
8.066553,4.516990,-1.797072
8.044477,4.547029,-1.796195
8.051208,4.593463,-1.801790
8.054952,4.638443,-1.806769
7.992213,4.645022,-1.796853
8.016367,4.702096,-1.806502
7.968794,4.717174,-1.800023
7.950948,4.749699,-1.800272
7.932492,4.781869,-1.800414
7.922633,4.819277,-1.802541
7.886852,4.840877,-1.798795
7.887455,4.884830,-1.803379
7.831692,4.893784,-1.795095
9.640542,-6.024079,-1.800501
9.644707,-5.973125,-1.796799
9.691839,-5.948761,-1.801128
9.696586,-5.898359,-1.797607
9.722596,-5.860981,-1.798064
9.774481,-5.839033,-1.803322
9.771286,-5.784169,-1.798446
9.801238,-5.749034,-1.799708
9.840815,-5.719417,-1.802756
9.843436,-5.668341,-1.799064
9.898107,-5.647176,-1.804910
9.879626,-5.584322,-1.797448
9.917342,-5.553367,-1.800251
9.944872,-5.516599,-1.801224
9.948933,-5.466879,-1.797981
10.006649,-5.446548,-1.804456
9.986727,-5.383989,-1.796962
10.054603,-5.368739,-1.805294
10.077493,-5.329222,-1.805558
10.064491,-5.270892,-1.799433
10.101547,-5.238871,-1.802294
10.098415,-5.186048,-1.798016
10.109950,-5.140925,-1.796391
10.144316,-5.107388,-1.798850
10.169162,-5.068966,-1.799642
10.200930,-5.033914,-1.801683
10.230020,-4.997439,-1.803273
10.226885,-4.945290,-1.799216
10.233452,-4.898012,-1.796907
10.332260,-4.894558,-1.810801
10.310672,-4.833884,-1.803611
10.312525,-4.784484,-1.800570
10.326854,-4.740981,-1.799744
4.605719,-2.092166,-0.801209
4.623340,-2.077881,-0.802821
4.623187,-2.055604,-0.801359
4.631141,-2.036973,-0.801318
4.633801,-2.016040,-0.800375
4.627988,-1.991514,-0.797987
4.646224,-1.977352,-0.799760
4.625771,-1.946811,-0.794892
4.662275,-1.940239,-0.799823
4.666884,-1.920273,-0.799289
4.648383,-1.890935,-0.794817
4.683533,-1.883415,-0.799531
4.674815,-1.858201,-0.796767
4.703811,-1.847954,-0.800441
4.692207,-1.821743,-0.797219
4.757720,-1.825293,-0.807102
4.710622,-1.785622,-0.797893
4.721825,-1.768280,-0.798585
4.735542,-1.751831,-0.799712
4.745209,-1.733841,-0.800166
4.742535,-1.711373,-0.798554
4.755439,-1.694542,-0.799578
4.770608,-1.678453,-0.800992
4.777390,-1.659375,-0.801009
4.798389,-1.645170,-0.803419
4.781925,-1.618159,-0.799571
4.820954,-1.609884,-0.805013
4.797788,-1.580825,-0.800081
4.819341,-1.566565,-0.802623
4.796278,-1.537865,-0.797750
4.792087,-1.515390,-0.796037
4.829136,-1.505865,-0.801184
4.824924,-1.483382,-0.799493
4.860301,-1.472987,-0.804372
4.843350,-1.446703,-0.800602
4.855551,-1.429199,-0.801666
4.852870,-1.407322,-0.800287
4.822924,-1.377728,-0.794432
4.859408,-1.367132,-0.799534
4.881141,-1.352181,-0.802213
4.852269,-1.323288,-0.796590
4.880153,-1.309924,-0.800301
4.876125,-1.287936,-0.798788
4.859888,-1.262855,-0.795294
4.896688,-1.251511,-0.800489
4.911382,-1.234340,-0.802077
4.904911,-1.211857,-0.800222
4.913868,-1.193216,-0.800897
4.943083,-1.179373,-0.804883
4.957331,-1.161816,-0.806439
4.935486,-1.135870,-0.802139
4.952461,-1.118918,-0.804163
4.943293,-1.096064,-0.801956
5.051613,-1.098881,-0.818808
5.163040,-1.101490,-0.836148
5.258122,-1.099783,-0.850826
5.378096,-1.102422,-0.869518
5.499741,-1.104432,-0.888464
7.040367,-1.384513,-1.136442
7.048218,-1.356770,-1.136823
7.031818,-1.324439,-1.133314
7.009218,-1.291146,-1.128829
7.039867,-1.267672,-1.132938
7.042572,-1.239070,-1.132566
7.059243,-1.212886,-1.134457
7.023726,-1.177853,-1.127983
7.027237,-1.149535,-1.127798
7.026189,-1.120500,-1.126901
7.038942,-1.093654,-1.128235
7.045190,-1.065755,-1.128544
7.058256,-1.038844,-1.129961
7.058380,-1.010008,-1.129325
7.062206,-0.981718,-1.129299
7.055934,-0.952067,-1.127678
7.058071,-0.923598,-1.127419
7.039251,-0.892486,-1.123833
7.037064,-0.863596,-1.122923
7.076562,-0.839699,-1.128680
7.072944,-0.810567,-1.127577
7.038450,-0.778077,-1.121572
7.024815,-0.748114,-1.118913
7.038737,-0.721108,-1.120662
7.030426,-0.691826,-1.118888
7.047779,-0.665055,-1.121217
7.067673,-0.638394,-1.123967
7.048772,-0.608246,-1.120565
7.043090,-0.579358,-1.119284
7.039388,-0.550689,-1.118336
7.050757,-0.523186,-1.119800
7.060974,-0.495527,-1.121099
7.015203,-0.464098,-1.113528
7.053348,-0.438266,-1.119295
7.032749,-0.408728,-1.115758
7.068409,-0.382412,-1.121163
7.064048,-0.353818,-1.120238
7.057358,-0.325162,-1.118961
7.038051,-0.296040,-1.115704
7.043788,-0.268036,-1.116434
7.053311,-0.240122,-1.117782
7.049627,-0.211744,-1.117055
7.056739,-0.183683,-1.118056
7.078701,-0.155898,-1.121428
7.024415,-0.126568,-1.112739
7.125053,-0.099848,-1.128608
9.981627,-0.099910,-1.581014
11.359786,-0.068221,-1.799246
11.360743,-0.022742,-1.799369
11.339030,0.022699,-1.795929
11.366242,0.068260,-1.800268
11.356187,0.113669,-1.798733
11.349397,0.159046,-1.797744
11.348702,0.204484,-1.797750
11.371823,0.250447,-1.801557
11.405529,0.296879,-1.807070
11.385972,0.341991,-1.804174
11.369637,0.387067,-1.801817
11.357125,0.432170,-1.800094
11.325697,0.476391,-1.795400
11.322197,0.521661,-1.795162
11.335928,0.567784,-1.797685
11.300300,0.611364,-1.792409
11.354600,0.659905,-1.801427
11.312087,0.702887,-1.795114
11.368362,0.752086,-1.804507
11.347138,0.796322,-1.801630
11.285051,0.837382,-1.792290
11.285396,0.882853,-1.792892
8.493807,0.698693,-1.349831
8.156444,0.703829,-1.296655
7.759900,0.700920,-1.234051
7.534216,0.710957,-1.198604
7.612061,0.749061,-1.211455
7.565806,0.775106,-1.204578
7.560567,0.805169,-1.204247
7.566400,0.836440,-1.205700
7.559542,0.866331,-1.205151
7.557263,0.896738,-1.205350
7.494397,0.919720,-1.195901
7.521402,0.953616,-1.200810
7.543976,0.987183,-1.205035
7.544072,1.017932,-1.205692
7.539043,1.048003,-1.205549
7.535082,1.078221,-1.205596
7.576607,1.115135,-1.212945
7.553675,1.142676,-1.209996
7.556183,1.174019,-1.211141
7.512765,1.198096,-1.204941
7.541506,1.233661,-1.210333
7.582138,1.271497,-1.217661
7.575372,1.301565,-1.217402
7.539693,1.326534,-1.212512
7.587482,1.366282,-1.221067
7.548529,1.390491,-1.215684
7.517757,1.415966,-1.211632
7.570102,1.457232,-1.220999
7.513690,1.477593,-1.212845
7.546073,1.515367,-1.219041
7.540747,1.545730,-1.219171
7.517711,1.572397,-1.216454
7.547640,1.610223,-1.222331
7.569350,1.646566,-1.226904
7.563013,1.676928,-1.226956
6.064808,1.370232,-0.984782
5.965190,1.372850,-0.969491
5.992634,1.404452,-0.974858
6.045190,1.442325,-0.984339
6.050918,1.469322,-0.986222
6.024456,1.488463,-0.982872
6.042203,1.518540,-0.986751
6.005805,1.534982,-0.981803
5.976661,1.553051,-0.978047
6.019287,1.589881,-0.986057
6.028973,1.618289,-0.988697
6.003999,1.637382,-0.985668
6.005703,1.663708,-0.987034
6.007640,1.690172,-0.988456
6.026082,1.721425,-0.992616
5.983768,1.735280,-0.986783
6.002177,1.766700,-0.990977
6.028606,1.800738,-0.996523
6.000753,1.818618,-0.993115
6.011191,1.848090,-0.996059
6.010120,1.874130,-0.997117
5.996426,1.896235,-0.996096
5.976374,1.916247,-0.994032
6.008421,1.953086,-1.000655
6.007102,1.979283,-1.001747
5.995499,2.002105,-1.001140
6.030771,2.040757,-1.008386
10.757218,3.688207,-1.801135
10.768987,3.740492,-1.805599
10.755357,3.784080,-1.805839
10.708325,3.815781,-1.800493
10.699828,3.861099,-1.801649
10.666732,3.897493,-1.798690
10.641477,3.936629,-1.797074
10.630963,3.981199,-1.797976
10.631486,4.030001,-1.800779
10.602119,4.067489,-1.798549
10.553777,4.097490,-1.793116
10.609502,4.168081,-1.805405
10.550869,4.193885,-1.798270
10.556476,4.245134,-1.802108
10.569802,4.299733,-1.807308
10.505417,4.322641,-1.799243
10.474330,4.358966,-1.796893
10.468816,4.405926,-1.798959
10.428454,4.438170,-1.795063
10.442503,4.493613,-1.800563
10.417094,4.532194,-1.799296
10.372007,4.562050,-1.794649
10.367756,4.609807,-1.797092
10.346770,4.650178,-1.796667
10.360375,4.706241,-1.802287
10.323034,4.739227,-1.799078
10.319012,4.787494,-1.801703
10.325478,4.840825,-1.806201
10.272978,4.866476,-1.800412
10.241614,4.901919,-1.798340
10.178287,4.921790,-1.790666
10.211149,4.988220,-1.799946
10.177503,5.022353,-1.797545
10.176823,5.072784,-1.800998
10.184806,5.127773,-1.806029
10.133830,5.153068,-1.800634
10.145033,5.209989,-1.806317
10.079601,5.227489,-1.798378
10.067598,5.272519,-1.799989
10.044072,5.311548,-1.799570
10.010002,5.344924,-1.797285
10.013557,5.398453,-1.801790
10.001939,5.443985,-1.803607
9.954343,5.469852,-1.798959
9.911227,5.497936,-1.795130
9.936041,5.563838,-1.803645
9.884101,5.586851,-1.798262
9.861525,5.626305,-1.798239
9.855867,5.675500,-1.801336
9.851904,5.725862,-1.804787
9.799235,5.747858,-1.799340
9.766037,5.781062,-1.797479
9.777393,5.840772,-1.803859
9.729114,5.864910,-1.799270
9.723427,5.914686,-1.802583
9.694410,5.950339,-1.801606
9.660965,5.983193,-1.799827
9.612634,6.006641,-1.795289
12.440515,-7.773696,-1.801199
12.458945,-7.716028,-1.799380
12.534508,-7.693565,-1.805830
12.518081,-7.614653,-1.799057
12.593489,-7.591614,-1.805512
12.606774,-7.530974,-1.803079
12.602567,-7.460162,-1.798191
12.634732,-7.411054,-1.798533
12.678698,-7.368777,-1.800577
12.727173,-7.328941,-1.803280
12.707711,-7.250141,-1.796395
12.762710,-7.213945,-1.800073
12.789638,-7.161753,-1.799812
12.804121,-7.102677,-1.797834
12.829985,-7.050000,-1.797488
12.869185,-7.004606,-1.799037
12.892674,-6.950627,-1.798416
12.937755,-6.908222,-1.800832
12.938672,-6.842282,-1.797132
12.987121,-6.801507,-1.800064
13.033899,-6.759649,-1.802783
13.013299,-6.682988,-1.796218
13.049838,-6.635862,-1.797580
13.085899,-6.588395,-1.798899
13.123695,-6.541695,-1.800480
13.128506,-6.478603,-1.797568
13.160956,-6.429222,-1.798472
13.203390,-6.384602,-1.800763
13.193100,-6.314581,-1.795897
13.237033,-6.270596,-1.798446
13.262004,-6.217537,-1.798442
13.294374,-6.167909,-1.799468
13.316726,-6.113609,-1.799166
13.356996,-6.067467,-1.801311
13.385848,-6.016040,-1.801939
13.417078,-5.965624,-1.802913
13.408045,-5.897428,-1.798512
7.044812,-3.065006,-0.943315
7.027482,-3.024063,-0.939366
7.050512,-3.000576,-0.940831
7.038000,-2.962026,-0.937571
7.037489,-2.928701,-0.935934
7.032863,-2.893797,-0.933770
7.049852,-2.867838,-0.934494
7.061507,-2.839683,-0.934524
7.051421,-2.802883,-0.931697
7.062769,-2.774701,-0.931721
7.072120,-2.745742,-0.931497
7.049160,-2.704401,-0.927039
7.042690,-2.669622,-0.924775
7.014920,-2.627023,-0.919740
7.060442,-2.611887,-0.924330
7.056404,-2.578323,-0.922443
7.048443,-2.543474,-0.920064
7.014507,-2.499534,-0.914320
7.028292,-2.472779,-0.914819
7.030044,-2.441810,-0.913768
7.038086,-2.413070,-0.913550
7.038168,-2.381651,-0.912316
7.062837,-2.358526,-0.914282
7.060763,-2.326454,-0.912800
7.051389,-2.292110,-0.910395
7.005296,-2.246158,-0.903276
7.070747,-2.235965,-0.910553
7.070489,-2.204784,-0.909376
7.027948,-2.160684,-0.902785
7.041863,-2.134142,-0.903467
7.037747,-2.102167,-0.901852
7.067866,-2.080378,-0.904637
7.041625,-2.042056,-0.900225
7.076595,-2.021518,-0.903654
7.063492,-1.987222,-0.900957
7.074603,-1.959817,-0.901367
7.079370,-1.930652,-0.900982
7.048336,-1.891904,-0.896061
7.047069,-1.861350,-0.894945
6.994538,-1.817549,-0.887343
7.059621,-1.804320,-0.894676
7.058132,-1.773866,-0.893580
7.060881,-1.744532,-0.893037
7.078355,-1.718810,-0.894369
7.055376,-1.683347,-0.890607
7.043186,-1.650663,-0.888227
7.058659,-1.624505,-0.889351
7.060903,-1.595282,-0.888822
7.061854,-1.565807,-0.888145
7.059303,-1.535615,-0.887044
7.041517,-1.502246,-0.884046
7.062620,-1.477210,-0.885946
7.019684,-1.438921,-0.879831
7.050359,-1.415820,-0.882958
7.048819,-1.386175,-0.882063
7.071326,-1.361218,-0.884190
7.061855,-1.330097,-0.882333
7.048472,-1.298377,-0.880004
7.108949,-1.280112,-0.886908
7.037338,-1.238149,-0.877348
7.041453,-1.209830,-0.877250
7.044497,-1.181336,-0.877033
7.056405,-1.154307,-0.877933
7.068255,-1.127208,-0.878839
7.065488,-1.097778,-0.877942
7.059571,-1.067931,-0.876668
7.062051,-1.039403,-0.876452
7.047620,-1.008468,-0.874153
7.057240,-0.981028,-0.874852
7.059719,-0.952578,-0.874680
7.076727,-0.926040,-0.876321
7.061746,-0.895338,-0.874015
7.043727,-0.864414,-0.871349
7.060220,-0.837760,-0.872968
7.059130,-0.808984,-0.872425
7.065089,-0.781022,-0.872768
7.025167,-0.748151,-0.867460
7.070448,-0.724357,-0.872686
7.062149,-0.694948,-0.871311
7.051693,-0.665424,-0.869685
7.031739,-0.635149,-0.866904
7.041568,-0.607625,-0.867809
7.011033,-0.576721,-0.863754
7.040809,-0.550800,-0.867144
7.066794,-0.524376,-0.870079
7.031273,-0.493443,-0.865455
7.047132,-0.466210,-0.867170
7.031532,-0.436911,-0.865029
7.045889,-0.409492,-0.866586
7.029876,-0.380328,-0.864423
7.044526,-0.352840,-0.866043
7.048728,-0.324765,-0.866393
7.018384,-0.295213,-0.862511
7.072129,-0.269114,-0.868977
7.046181,-0.239880,-0.865663
7.026225,-0.211041,-0.863101
7.059161,-0.183746,-0.867050
7.014930,-0.154493,-0.861534
7.027228,-0.126618,-0.862975
7.144452,-0.100119,-0.877315
9.952947,-0.099623,-1.222129
13.487911,-0.081002,-1.656137
13.434005,-0.026892,-1.649492
13.457491,0.026939,-1.652375
13.473875,0.080917,-1.654414
14.652690,0.146665,-1.799214
14.678619,0.205700,-1.802485
14.681559,0.264536,-1.802961
14.662280,0.322914,-1.800738
14.661688,0.381635,-1.800839
14.652537,0.440107,-1.799917
14.664124,0.499224,-1.801571
14.685263,0.558815,-1.804429
14.644627,0.615994,-1.799724
14.675290,0.676153,-1.803811
14.626058,0.732577,-1.798105
14.662388,0.793259,-1.802948
14.652064,0.851546,-1.802083
14.622505,0.908583,-1.798881
14.609956,0.966537,-1.797798
14.609228,1.025250,-1.798199
14.624888,1.085207,-1.800647
14.604548,1.142509,-1.798692
8.497382,0.698987,-1.046871
8.123427,0.700980,-1.001138
7.727219,0.697969,-0.952646
7.558392,0.713238,-0.932177
7.558858,0.743826,-0.932594
7.540210,0.772484,-0.930667
7.504089,0.799155,-0.926596
7.542604,0.833810,-0.931757
7.541396,0.864252,-0.932028
7.532757,0.893830,-0.931395
7.561765,0.927988,-0.935433
7.526778,0.954298,-0.931571
7.556168,0.988778,-0.935691
7.524023,1.015227,-0.932206
7.586965,1.054665,-0.940520
7.582130,1.084953,-0.940451
7.552588,1.111600,-0.937332
7.537497,1.140229,-0.936018
7.564882,1.175370,-0.939995
7.541747,1.202718,-0.937711
7.497210,1.226415,-0.932777
7.546923,1.265591,-0.939585
7.571859,1.300961,-0.943330
7.537811,1.326202,-0.939742
7.557064,1.360804,-0.942814
7.560762,1.392745,-0.943964
7.544712,1.421043,-0.942663
7.548825,1.453136,-0.943896
7.578504,1.490339,-0.948345
7.559583,1.518080,-0.946731
7.566064,1.550920,-0.948312
7.516005,1.572040,-0.942820
7.517954,1.603890,-0.943862
7.565471,1.645722,-0.950647
7.566962,1.677803,-0.951671
5.976831,1.350355,-0.752359
6.031644,1.388144,-0.759953
6.028305,1.412812,-0.760239
6.043571,1.441939,-0.762886
5.996486,1.456104,-0.757672
5.988228,1.479512,-0.757371
6.042948,1.518728,-0.765055
6.008527,1.535678,-0.761469
6.030355,1.567004,-0.765025
6.007481,1.586763,-0.762923
5.981831,1.605635,-0.760475
5.970906,1.628358,-0.759909
6.002270,1.662757,-0.764742
6.019947,1.693634,-0.767852
6.023983,1.720826,-0.769239
6.022284,1.746449,-0.769909
6.003538,1.767101,-0.768411
5.995044,1.790713,-0.768235
6.034615,1.828880,-0.774238
6.023375,1.851836,-0.773741
5.988490,1.867385,-0.770214
6.024988,1.905267,-0.775883
5.974615,1.915683,-0.770378
6.036661,1.962265,-0.779385
6.017154,1.982595,-0.777885
6.026334,2.012402,-0.780107
6.011676,2.034295,-0.779258
13.855764,4.750571,-1.798490
13.866854,4.816503,-1.802418
13.828040,4.865149,-1.799891
13.808316,4.920425,-1.799873
13.815527,4.985419,-1.803401
13.782962,5.036126,-1.801767
13.720880,5.075800,-1.796294
13.724169,5.139576,-1.799404
13.683340,5.186846,-1.796759
13.680429,5.248479,-1.799121
13.684867,5.313132,-1.802488
13.643228,5.359920,-1.799816
13.634581,5.419635,-1.801523
13.609077,5.472693,-1.801034
13.585612,5.526546,-1.800842
13.551672,5.576078,-1.799288
13.528309,5.629902,-1.799164
13.499409,5.681387,-1.798331
13.486977,5.739824,-1.799722
13.457248,5.790917,-1.798835
13.481725,5.865531,-1.805231
13.377882,5.884162,-1.794466
13.385708,5.951676,-1.798698
13.339968,5.995420,-1.795763
13.353343,6.065808,-1.800818
13.311494,6.111207,-1.798459
13.310705,6.175486,-1.801679
13.285437,6.228523,-1.801620
13.240721,6.272343,-1.798947
13.215167,6.325143,-1.798901
13.208570,6.387107,-1.801469
13.163908,6.430664,-1.798875
13.159335,6.493816,-1.801789
13.100714,6.530240,-1.797328
13.069403,6.580090,-1.796632
13.053723,6.637838,-1.798115
13.041068,6.697249,-1.800051
13.001031,6.742603,-1.798236
12.962803,6.788772,-1.796694
12.976230,6.862144,-1.802348
12.903004,6.889666,-1.795994
12.930993,6.971285,-1.803761
12.894065,7.018148,-1.802515
12.848524,7.060187,-1.800085
12.798455,7.099533,-1.797038
12.792142,7.163156,-1.800164
12.740203,7.201223,-1.796898
12.765307,7.283002,-1.804537
12.724095,7.327168,-1.802844
12.664838,7.360721,-1.798609
12.627773,7.406972,-1.797542
12.634989,7.479354,-1.802817
12.599859,7.526843,-1.802090
12.558019,7.570232,-1.800426
12.521798,7.616913,-1.799591
12.515487,7.681890,-1.803090
12.450726,7.710938,-1.798193
12.449231,7.779143,-1.802461
7.060479,-3.071822,-0.673643
7.028822,-3.024639,-0.669461
7.034606,-2.993806,-0.668865
7.043239,-2.964231,-0.668552
7.013429,-2.918688,-0.664608
7.069335,-2.908804,-0.668797
7.067343,-2.874953,-0.667514
7.029052,-2.826631,-0.662824
7.051347,-2.802853,-0.663862
7.054743,-2.771548,-0.663132
7.043183,-2.734507,-0.661011
7.067332,-2.711373,-0.662254
7.050001,-2.672394,-0.659622
7.061085,-2.644312,-0.659663
7.023185,-2.598105,-0.655145
7.060731,-2.579905,-0.657679
7.049796,-2.543963,-0.655706
7.068592,-2.518806,-0.656511
7.055906,-2.482495,-0.654405
7.025497,-2.440231,-0.650673
7.060404,-2.420722,-0.653003
7.016499,-2.374318,-0.648058
7.061085,-2.357941,-0.651299
7.085227,-2.334515,-0.652658
7.028065,-2.284529,-0.646545
7.104682,-2.278025,-0.652749
7.064240,-2.233907,-0.648207
7.036348,-2.194138,-0.644836
7.037132,-2.163507,-0.644109
7.027493,-2.129787,-0.642441
7.035015,-2.101351,-0.642355
7.045839,-2.073895,-0.642580
7.033750,-2.039772,-0.640727
7.058615,-2.016382,-0.642252
7.068050,-1.988505,-0.642381
7.036714,-1.949320,-0.638818
7.049092,-1.922395,-0.639238
7.042999,-1.890472,-0.637994
7.043334,-1.860364,-0.637345
7.058985,-1.834296,-0.638091
7.071651,-1.807395,-0.638577
7.026952,-1.766030,-0.633897
7.042126,-1.739898,-0.634632
7.039524,-1.709381,-0.633776
7.063748,-1.685344,-0.635344
7.077178,-1.658629,-0.635950
7.085397,-1.630658,-0.636097
7.031184,-1.588567,-0.630654
7.073492,-1.568388,-0.633880
7.056850,-1.535082,-0.631833
7.023512,-1.498405,-0.628306
7.014589,-1.467164,-0.626977
7.046891,-1.444498,-0.629342
7.054938,-1.416739,-0.629550
7.029978,-1.382470,-0.626823
7.033130,-1.353865,-0.626616
7.070428,-1.331711,-0.629459
7.019141,-1.292974,-0.624427
7.048033,-1.269143,-0.626540
7.046489,-1.239759,-0.625957
7.036673,-1.209008,-0.624650
7.066412,-1.185011,-0.626864
6.989802,-1.143412,-0.619656
7.028733,-1.120906,-0.622705
7.036176,-1.093224,-0.622972
7.070216,-1.069541,-0.625601
7.048864,-1.037462,-0.623339
7.059263,-1.010134,-0.623896
7.038273,-0.978391,-0.621690
7.074551,-0.954579,-0.624552
7.013299,-0.917740,-0.618815
7.036506,-0.892137,-0.620543
7.057432,-0.866096,-0.622077
7.054473,-0.837078,-0.621516
7.038004,-0.806563,-0.619776
7.053107,-0.779697,-0.620826
7.060946,-0.751962,-0.621246
7.054900,-0.722764,-0.620454
7.050966,-0.693847,-0.619859
7.047693,-0.665047,-0.619332
7.061740,-0.637858,-0.620337
7.040276,-0.607513,-0.618233
7.068176,-0.581421,-0.620474
7.047556,-0.551328,-0.618465
7.034077,-0.521948,-0.617094
7.052842,-0.494956,-0.618561
7.092150,-0.469189,-0.621839
7.050037,-0.438061,-0.617988
7.065972,-0.410659,-0.619236
7.038137,-0.380774,-0.616658
7.019132,-0.351568,-0.614864
7.052450,-0.324936,-0.617664
7.037171,-0.296003,-0.616217
6.996595,-0.266240,-0.612566
7.064113,-0.240490,-0.618388
7.072326,-0.212426,-0.619027
7.059662,-0.183759,-0.617850
7.043574,-0.155124,-0.616382
7.058047,-0.127174,-0.617599
7.150165,-0.100200,-0.625620
10.029393,-0.100388,-0.877502
13.462105,-0.080847,-1.177803
13.442652,-0.026910,-1.176082
13.461819,0.026948,-1.177759
13.446261,0.080752,-1.176417
8.523133,0.701105,-0.748196
8.099072,0.698878,-0.711210
7.765395,0.701417,-0.682150
7.542120,0.711703,-0.662781
7.496524,0.737692,-0.659029
7.566895,0.775217,-0.665483
7.520794,0.800934,-0.661705
7.566377,0.836438,-0.666005
7.523109,0.862156,-0.662495
7.552272,0.896146,-0.665374
7.572512,0.929307,-0.667479
7.549693,0.957203,-0.665800
7.545709,0.987409,-0.665792
7.546472,1.018256,-0.666214
7.528648,1.046558,-0.665005
7.539694,1.078881,-0.666357
7.516433,1.106279,-0.664687
7.530309,1.139141,-0.666312
7.522826,1.168836,-0.666059
7.497862,1.195720,-0.664267
7.526493,1.231205,-0.667235
7.563988,1.268453,-0.671004
7.581617,1.302638,-0.673025
7.524611,1.323880,-0.668430
7.559411,1.361227,-0.672000
7.560925,1.392775,-0.672625
7.538000,1.419778,-0.671085
7.545750,1.452544,-0.672288
7.581433,1.490915,-0.675993
7.560793,1.518323,-0.674690
7.555672,1.548790,-0.674781
7.530005,1.574968,-0.673046
7.531969,1.606880,-0.673791
7.570066,1.646722,-0.677784
7.541370,1.672129,-0.675808
6.033565,1.363174,-0.541173
5.970047,1.373968,-0.535965
6.033482,1.414026,-0.542164
5.996621,1.430737,-0.539362
6.026273,1.463337,-0.542552
6.019052,1.487128,-0.542434
5.986725,1.504598,-0.540059
6.027046,1.540411,-0.544248
6.021469,1.564695,-0.544306
6.046338,1.597026,-0.547127
6.018379,1.615445,-0.545178
6.026292,1.643462,-0.546487
6.024184,1.668828,-0.546897
6.012366,1.691502,-0.546435
6.019268,1.719479,-0.547683
5.998319,1.739499,-0.546406
6.011038,1.769308,-0.548206
6.002666,1.792990,-0.548093
6.041646,1.831011,-0.552317
5.992077,1.842214,-0.548455
6.049493,1.886408,-0.554397
6.096740,1.927957,-0.559430
6.013713,1.928219,-0.552515
5.969857,1.940550,-0.549196
6.001514,1.977442,-0.552832
5.992642,2.001151,-0.552748
6.033719,2.041754,-0.557286
7.067042,-3.074677,-0.403903
7.048858,-3.033261,-0.402166
7.029583,-2.991669,-0.400380
7.031689,-2.959370,-0.399822
7.047028,-2.932670,-0.400023
7.073619,-2.910567,-0.400868
7.047283,-2.866793,-0.398722
7.047211,-2.833934,-0.398073
7.058807,-2.805818,-0.398090
7.072360,-2.778469,-0.398224
7.061880,-2.741766,-0.397012
7.043810,-2.702349,-0.395385
7.045058,-2.670520,-0.394852
7.032244,-2.633511,-0.393540
7.079272,-2.618853,-0.395581
7.032321,-2.569524,-0.392380
7.052292,-2.544863,-0.392923
7.068732,-2.518856,-0.393274
7.058648,-2.483459,-0.392156
7.055814,-2.450761,-0.391450
7.055251,-2.418955,-0.390879
7.043566,-2.383477,-0.389700
7.046064,-2.352925,-0.389314
7.055463,-2.324708,-0.389315
7.061337,-2.295344,-0.389129
7.044546,-2.258743,-0.387703
7.005727,-2.215404,-0.385075
7.037987,-2.194649,-0.386362
7.049712,-2.167375,-0.386526
7.050117,-2.136643,-0.386076
7.052856,-2.106680,-0.385761
7.032521,-2.069975,-0.384193
7.044738,-2.042958,-0.384410
7.035229,-2.009701,-0.383449
7.054456,-1.984680,-0.384061
7.059806,-1.955718,-0.383923
7.026394,-1.916205,-0.381686
7.071491,-1.898120,-0.383720
7.038898,-1.859192,-0.381544
7.086594,-1.841470,-0.383727
7.028572,-1.796384,-0.380192
7.077892,-1.778832,-0.382472
7.071261,-1.747097,-0.381733
7.053703,-1.712824,-0.380411
7.034706,-1.678415,-0.379022
7.046505,-1.651441,-0.379298
7.058628,-1.624497,-0.379597
7.022224,-1.586543,-0.377295
7.042861,-1.561596,-0.378065
7.032729,-1.529835,-0.377189
7.019130,-1.497470,-0.376135
7.067815,-1.478297,-0.378424
7.029679,-1.440970,-0.376070
7.003325,-1.406374,-0.374356
7.043437,-1.385116,-0.376201
7.070647,-1.361087,-0.377360
7.069506,-1.331538,-0.377012
7.025751,-1.294192,-0.374399
7.060378,-1.271366,-0.375970
7.046093,-1.239690,-0.374942
7.040681,-1.209697,-0.374393
7.084246,-1.188002,-0.376454
7.046501,-1.152687,-0.374200
7.035092,-1.121920,-0.373352
7.029321,-1.092159,-0.372811
7.028024,-1.063159,-0.372514
7.055770,-1.038478,-0.373761
7.058098,-1.009967,-0.373667
7.057389,-0.981049,-0.373419
7.042856,-0.950302,-0.372445
7.037045,-0.920847,-0.371940
7.028513,-0.891124,-0.371298
7.073891,-0.868115,-0.373508
7.022029,-0.833228,-0.370591
7.064754,-0.809628,-0.372671
7.026059,-0.776707,-0.370463
7.070300,-0.752958,-0.372634
7.051841,-0.722451,-0.371506
7.016287,-0.690435,-0.369484
7.006636,-0.661172,-0.368833
7.042922,-0.636159,-0.370607
7.045517,-0.607965,-0.370612
7.042045,-0.579272,-0.370304
7.083002,-0.554101,-0.372339
7.043244,-0.522628,-0.370136
7.063993,-0.495739,-0.371119
7.034028,-0.465343,-0.369444
7.021516,-0.436288,-0.368692
7.053763,-0.409949,-0.370296
7.027950,-0.380223,-0.368858
7.034464,-0.352336,-0.369123
7.055096,-0.325058,-0.370134
7.044649,-0.296318,-0.369521
7.047482,-0.268176,-0.369610
7.071431,-0.240739,-0.370813
7.036592,-0.211352,-0.368938
7.063559,-0.183860,-0.370311
7.047779,-0.155217,-0.369448
7.066555,-0.127327,-0.370403
7.178518,-0.100597,-0.376247
9.995782,-0.100052,-0.523883
13.463559,-0.080855,-0.705608
13.472769,-0.026970,-0.706079
13.492258,0.027009,-0.707101
13.450926,0.080780,-0.704946
7.035519,-3.060963,-0.133925
7.027117,-3.023906,-0.133533
7.053851,-3.001997,-0.133812
7.035295,-2.960888,-0.133234
7.080106,-2.946436,-0.133858
7.040291,-2.896853,-0.132885
7.032534,-2.860793,-0.132521
7.023268,-2.824305,-0.132133
7.084091,-2.815869,-0.133064
7.058881,-2.773173,-0.132381
7.036304,-2.731836,-0.131751
7.067138,-2.711299,-0.132124
7.069167,-2.679659,-0.131960
7.020118,-2.628970,-0.130847
7.037134,-2.603265,-0.130969
7.063167,-2.580795,-0.131260
7.038280,-2.539807,-0.130608
7.048225,-2.511549,-0.130605
7.024255,-2.471359,-0.129976
7.044166,-2.446716,-0.130162
7.026758,-2.409186,-0.129661
7.055521,-2.387523,-0.130015
7.054941,-2.355889,-0.129829
7.054294,-2.324323,-0.129645
7.067717,-2.297418,-0.129722
7.060921,-2.263993,-0.129429
7.052343,-2.230145,-0.129107
7.038553,-2.194825,-0.128693
7.065083,-2.172100,-0.129018
7.081934,-2.146286,-0.129168
7.066232,-2.110675,-0.128726
7.050275,-2.075201,-0.128283
6.996878,-2.029079,-0.127163
7.028859,-2.007881,-0.127597
7.052407,-1.984104,-0.127879
7.051041,-1.953289,-0.127712
7.078729,-1.930478,-0.128072
7.069121,-1.897483,-0.127760
7.031150,-1.857145,-0.126938
7.079126,-1.839530,-0.127670
7.047285,-1.801167,-0.126965
7.062802,-1.775040,-0.127115
7.055400,-1.743178,-0.126856
7.041766,-1.709925,-0.126486
7.070866,-1.687042,-0.126887
7.019950,-1.645217,-0.125854
7.085155,-1.630602,-0.126905
7.079908,-1.599576,-0.126695
7.059319,-1.565245,-0.126213
7.048378,-1.533239,-0.125907
7.029800,-1.499747,-0.125467
7.060402,-1.476747,-0.125907
7.045475,-1.444208,-0.125536
7.031327,-1.411998,-0.125183
7.059743,-1.388323,-0.125588
7.050938,-1.357293,-0.125334
7.053093,-1.328446,-0.125277
7.019561,-1.293052,-0.124588
7.054003,-1.270218,-0.125108
7.048397,-1.240095,-0.124920
7.048415,-1.211026,-0.124833
7.057666,-1.183545,-0.124912
7.017265,-1.147904,-0.124115
7.048567,-1.124068,-0.124588
7.080567,-1.100121,-0.125075
7.069826,-1.069482,-0.124808
7.040361,-1.036210,-0.124214
7.056793,-1.009781,-0.124431
7.059684,-0.981368,-0.124412
7.020407,-0.947273,-0.123652
7.047887,-0.922266,-0.124070
7.030347,-0.891357,-0.123698
7.032680,-0.863058,-0.123677
7.063777,-0.838182,-0.124164
7.048765,-0.807796,-0.123842
7.037654,-0.777989,-0.123591
7.026784,-0.748324,-0.123347
7.077729,-0.725103,-0.124189
7.054419,-0.694187,-0.123730
7.026734,-0.663069,-0.123197
7.039976,-0.635893,-0.123383
7.004398,-0.604417,-0.122717
7.032502,-0.578487,-0.123167
7.037935,-0.550575,-0.123223
7.070988,-0.524687,-0.123764
7.022231,-0.492808,-0.122875
7.043474,-0.465968,-0.123213
7.073027,-0.439489,-0.123698
7.085672,-0.411804,-0.123890
7.052843,-0.381570,-0.123288
7.072194,-0.354226,-0.123600
7.022291,-0.323547,-0.122705
7.053486,-0.296689,-0.123228
7.049240,-0.268243,-0.123134
7.058872,-0.240312,-0.123284
7.046802,-0.211659,-0.123058
7.055088,-0.183640,-0.123189
7.062398,-0.155539,-0.123305
7.080386,-0.127576,-0.123609
7.103091,-0.099540,-0.123997
9.964801,-0.099742,-0.173945
13.467153,-0.080877,-0.235074
13.422877,-0.026870,-0.234298
13.427071,0.026878,-0.234371
13.431301,0.080662,-0.234448
7.072237,-3.076937,0.134624
7.054065,-3.035502,0.134045
7.058056,-3.003786,0.133892
7.086701,-2.982523,0.134208
7.060537,-2.938293,0.133488
7.024852,-2.890501,0.132594
7.046223,-2.866362,0.132779
7.032397,-2.827976,0.132304
7.025031,-2.792393,0.131954
7.058621,-2.773071,0.132376
7.015436,-2.723734,0.131360
7.018737,-2.692729,0.131219
7.045704,-2.670765,0.131522
7.039845,-2.636358,0.131215
7.044803,-2.606102,0.131112
7.072233,-2.584107,0.131429
7.062504,-2.548549,0.131057
7.059988,-2.515740,0.130823
7.041186,-2.477316,0.130289
7.061319,-2.452674,0.130479
7.038705,-2.413282,0.129882
7.055821,-2.387624,0.130020
7.049209,-2.353975,0.129724
7.003874,-2.307710,0.128718
7.038733,-2.287997,0.129190
7.079121,-2.269829,0.129763
7.075736,-2.237542,0.129536
7.040079,-2.195301,0.128721
7.046342,-2.166339,0.128676
7.061236,-2.140013,0.128790
7.025544,-2.098522,0.127985
7.023085,-2.067197,0.127789
7.063770,-2.048478,0.128379
7.047893,-2.013319,0.127942
7.049772,-1.983362,0.127831
7.051440,-1.953400,0.127719
7.061102,-1.925670,0.127753
7.033459,-1.887911,0.127115
7.081841,-1.870534,0.127853
7.084713,-1.840982,0.127771
7.073816,-1.807948,0.127443
7.079143,-1.779146,0.127410
7.053070,-1.742602,0.126814
7.048802,-1.711634,0.126613
7.060847,-1.684652,0.126707
7.058032,-1.654142,0.126537
7.046260,-1.621651,0.126208
7.065893,-1.596409,0.126444
7.068721,-1.567330,0.126382
7.058761,-1.535497,0.126093
7.030705,-1.499940,0.125483
7.071512,-1.479070,0.126105
7.020760,-1.439141,0.125096
7.088866,-1.423552,0.126207
7.027869,-1.382055,0.125021
7.008307,-1.349087,0.124576
7.060642,-1.329868,0.125411
7.060874,-1.300662,0.125322
7.066000,-1.272378,0.125321
7.022986,-1.235624,0.124470
7.033209,-1.208413,0.124564
7.028760,-1.178697,0.124401
7.055596,-1.154175,0.124793
7.028598,-1.120884,0.124235
7.038023,-1.093511,0.124323
7.055497,-1.067315,0.124555
7.008434,-1.031511,0.123651
7.069242,-1.011562,0.124651
7.046481,-0.979532,0.124179
7.075596,-0.954720,0.124624
7.031770,-0.920157,0.123786
7.039162,-0.892474,0.123853
7.083192,-0.869257,0.124565
7.040922,-0.835470,0.123762
7.059603,-0.809038,0.124032
7.083629,-0.783072,0.124398
7.049652,-0.750759,0.123748
7.084729,-0.725820,0.124312
7.060016,-0.694738,0.123828
7.061486,-0.666348,0.123806
7.052016,-0.636980,0.123595
7.051105,-0.608448,0.123535
7.077083,-0.582154,0.123948
7.013963,-0.548700,0.122803
7.084843,-0.525715,0.124006
7.031534,-0.493461,0.123038
7.053971,-0.466663,0.123397
7.056545,-0.438465,0.123410
7.055328,-0.410040,0.123359
7.064421,-0.382196,0.123490
7.047341,-0.352981,0.123166
7.063375,-0.325439,0.123422
7.055454,-0.296772,0.123262
7.031253,-0.267559,0.122820
7.081607,-0.241086,0.123682
7.059790,-0.212049,0.123285
7.035861,-0.183139,0.122853
7.043887,-0.155131,0.122981
7.035913,-0.126775,0.122832
7.125595,-0.099855,0.124390
9.971695,-0.099811,0.174065
9.896868,-3.796921,0.555534
9.845463,-3.732049,0.551805
9.800334,-3.670136,0.548448
9.810141,-3.629091,0.548179
9.792948,-3.578223,0.546414
9.808563,-3.539481,0.546490
9.816441,-3.497969,0.546144
9.856252,-3.467747,0.547582
9.893474,-3.436392,0.548881
9.868159,-3.383386,0.546721
9.952486,-3.367829,0.550642
10.061921,-3.360024,0.555948
